2114,2274,2491,2660,2727,2887,2930,3119,3204,3277,3321,3386,3479,3554,3624,3706,3746,3795,3832,3897,3923,3985,4048
151,275,570,750,813,1066,1164,1558,1756,1878,1985,2106,2454,2710,2942,3258,3354,3475,3654,3911,4024,4125,4277
6,7,7,7,8,8,9,10,10,10,10,10,11,11,11,11,11,11,11,11,11,11,11
1005,1128,1326,1455,1507,1621,1637,1723,1746,1783,1796,1812,1845,1878,1892,1914,1924,1929,1941,1952,1955,1959,1963
996,1175,1304,1396,1432,1559,1570,1638,1655,1681,1743,1824,1919,2032,2156,2252,2312,2387,2459,2544,2614,2693,2736
4,5,11,13,13,13,16,18,19,20,20,21,22,25,25,26,26,26,26,27,27,27,27
45,61,131,165,176,209,216,251,262,289,295,325,353,379,400,417,424,445,462,474,494,503,552
4,13,55,73,76,89,94,117,121,125,135,142,150,160,165,169,172,196,212,224,241,252,263
5,6,10,12,13,15,16,17,17,19,21,25,27,27,28,29,29,29,29,29,29,29,33
9,11,12,12,12,12,12,13,13,13,13,14,14,14,14,14,14,14,14,14,14,14,14
15,28,42,49,49,55,56,65,66,68,68,78,89,93,98,106,114,119,124,128,130,133,138
23,38,54,59,65,72,77,90,102,106,117,122,133,153,162,170,172,176,181,185,188,195,202
1235,1333,1471,1568,1602,1722,1756,1906,1994,2077,2105,2192,2284,2395,2423,2537,2580,2645,2704,2748,2813,2914,2979
2498,2545,2627,2656,2669,2738,2769,2934,3001,3068,3125,3239,3339,3445,3561,3667,3680,3745,3842,3952,3999,4077,4170
22,28,40,43,44,45,45,49,50,51,51,52,53,52,52,52,52,52,52,52,52,53,53
4,8,19,25,26,31,35,45,48,58,74,88,97,120,132,158,163,174,182,195,204,213,220
1587,1669,1729,1764,1782,1817,1833,1898,1909,1954,2005,2096,2120,2163,2241,2301,2325,2375,2421,2479,2492,2512,2526
10,13,17,17,17,17,17,17,17,17,17,18,18,18,19,19,19,19,19,19,19,19,19
2,4,10,11,11,12,12,12,13,13,13,13,13,13,13,16,16,17,17,17,17,17,17
122,143,243,279,299,322,331,381,401,413,442,458,470,496,517,539,542,562,575,596,602,621,644
104,106,142,163,171,192,196,227,247,258,264,285,291,316,244,365,368,369,370,372,374,375,376
856,967,1057,1109,1124,1173,1198,1248,1284,1300,1326,1366,1388,1431,1482,1533,1564,1572,1621,1682,1699,1726,1761
145,189,219,229,229,233,233,233,233,233,233,233,233,233,233,233,233,233,234,235,235,236,236
1292,1319,1405,1479,1512,1578,1592,1671,1689,1738,1778,1820,1905,1962,1946,2077,2095,2115,2179,2243,2286,2314,2352
2,3,4,4,4,5,5,5,5,5,5,5,5,5,5,5,5,5,5,5,5,5,5
6,7,15,19,19,19,20,22,22,23,23,24,25,25,26,26,27,27,28,28,29,29,29
986,1048,1224,1358,1401,1571,1612,1762,1852,1901,2041,2115,2217,2358,2452,2580,2621,2678,2792,2882,2923,2995,3071
6,8,25,42,49,67,76,105,114,134,154,180,215,253,275,311,328,345,367,388,392,416,446
375,421,463,475,476,483,488,497,500,505,506,510,515,523,525,526,528,530,532,533,534,536,537
7455,7467,7479,7374,7351,7255,7240,7156,7124,7115,7015,6992,6926,6644,6528,6476,6327,6285,6142,6049,5912,5862,5753
1168,1271,1301,1330,1344,1383,1395,1456,1468,1497,1506,1533,1561,1590,1553,1637,0,0,0,1705,0,0,1798
84,130,176,205,218,272,273,279,280,284,304,334,365,417,456,494,0,0,0,561,0,0,606
804,837,897,931,937,969,974,1004,1008,1019,1024,1045,1051,1060,1086,1103,0,0,0,1177,0,0,1258
911,946,1035,1085,1105,1159,1185,1244,1288,1304,1347,1370,1402,1455,1488,1525,0,0,0,1642,0,0,1709
2184,2228,2309,2313,2313,2315,2315,2321,2330,2336,2339,2347,2358,2363,2366,2369,0,0,0,2381,0,0,2388
1134,1482,1562,1595,1604,1645,1648,1706,1752,1785,1796,1811,1841,1602,1622,1637,0,0,0,1657,0,0,1649
1576,1680,1729,1730,1730,1743,1743,1744,1746,1749,1766,1789,1817,1882,1910,1949,0,0,0,2008,0,0,2051
19,23,45,50,53,59,62,66,71,74,79,85,93,102,102,102,103,103,105,106,106,106,106
175,189,262,319,345,427,463,569,596,661,674,688,907,1114,1175,1267,0,0,0,1499,0,0,1657
216,261,359,398,417,473,503,557,586,612,654,678,724,852,931,1052,0,0,0,1163,0,0,1257
48,55,83,112,116,132,134,156,157,158,164,174,181,203,230,244,0,0,0,304,0,0,348
2689,2747,2811,2844,2862,2900,2910,2930,2935,2947,2954,2977,2984,2886,0,2890,0,0,0,2951,0,0,2956
416,473,520,555,564,598,611,640,650,671,693,705,725,749,757,786,0,0,0,836,0,0,868
624,652,716,756,771,803,820,878,897,916,928,965,1009,1046,0,1129,0,0,0,1259,0,0,1337
124,144,185,197,200,215,226,240,246,254,259,268,283,301,307,315,0,0,0,338,0,0,349
3,5,32,48,56,79,82,112,117,122,131,138,144,160,172,198,0,0,0,251,0,0,283
5376,5404,5481,5484,5505,5514,5495,5475,5465,5445,5428,5304,5349,5162,0,5172,0,0,0,5225,0,0,5272
4,5,18,23,23,24,24,24,25,25,25,26,28,30,30,33,34,36,38,39,40,40,41
995,1091,1141,1165,1173,1190,1189,1210,1221,1245,1262,1276,1302,1324,0,1322,0,0,0,1313,0,0,1311
3,3,4,4,4,4,4,4,4,4,4,4,4,5,5,5,5,5,5,4,4,4,4
114,142,165,176,181,189,191,209,215,224,234,239,249,262,268,273,0,0,0,298,0,0,314
125,143,186,198,205,215,215,218,219,224,228,232,236,242,252,260,0,0,0,267,0,0,282
19,25,40,44,47,55,56,59,59,60,62,62,64,66,66,68,68,69,70,70,70,71,71
1397,1403,1412,1415,1417,1425,1433,1474,1492,1516,1535,1564,1581,1602,1623,1638,0,0,0,1696,0,0,1741
611,666,719,766,792,841,858,921,944,962,674,998,1060,1114,1147,1195,0,0,0,1330,0,0,1481
84,97,146,182,195,248,263,328,231,336,375,401,460,482,483,484,0,0,0,519,0,0,591
304,332,400,432,444,503,520,567,583,628,665,688,723,747,756,785,0,0,0,873,0,0,994
448,470,515,536,542,558,566,585,594,605,615,621,628,637,0,638,0,0,0,642,0,0,652
214,245,302,324,329,342,343,359,371,387,394,412,428,428,432,437,0,0,0,482,0,0,522
9,13,20,23,23,26,26,30,30,30,30,31,33,36,40,42,44,45,46,48,50,51,52
1,2,2,4,4,4,4,4,5,5,5,5,5,5,5,5,5,5,6,6,6,6,6
2,3,5,5,6,7,7,8,8,9,9,10,12,12,12,13,14,16,17,19,20,21,22
40,41,56,57,59,62,63,68,70,72,74,75,77,76,75,75,75,75,75,75,75,75,75
1683,1714,1800,1846,1873,1943,1960,2025,2074,2104,2134,2156,2192,2197,2225,2297,0,0,0,2403,0,0,2457
132,149,174,206,220,244,257,293,309,337,354,385,405,437,0,499,0,0,0,582,0,0,631
349,397,459,513,535,582,601,670,694,724,764,775,813,879,0,972,0,0,0,1090,0,0,1184
238,243,272,308,330,373,373,375,376,379,384,405,443,474,0,524,0,0,0,586,0,0,639
24,25,25,27,27,26,26,25,26,26,26,26,26,26,26,26,26,26,26,26,27,28,29
248,294,331,358,363,380,388,415,419,437,445,457,482,499,514,536,0,0,0,590,0,0,619
4,5,5,6,6,7,7,8,8,8,8,8,8,9,9,9,9,9,9,9,10,10,11
48,50,56,63,65,71,74,83,85,90,95,99,104,111,117,122,0,0,0,141,0,0,172
146,175,273,341,355,428,443,557,576,651,675,696,845,918,0,1075,0,0,0,1272,0,0,1977
225,264,302,321,326,341,346,369,375,393,407,441,464,492,0,544,0,0,0,595,0,0,630
8,14,28,33,34,37,37,40,41,43,46,49,56,61,63,65,0,0,0,74,75,76,77
874,894,882,867,861,857,854,826,820,816,811,795,787,742,718,711,0,0,0,695,698,699,702
2285,2314,2365,2377,2390,2391,2385,2366,2355,2345,2324,2298,2285,2107,0,1991,0,0,0,1880,0,0,1793
7,9,19,21,22,22,23,25,25,26,28,28,30,30,30,30,30,31,31,31,31,32,33
2,3,4,4,4,4,4,4,4,4,5,6,8,8,10,11,11,11,11,11,11,11,11
4,4,6,6,6,6,6,6,6,6,6,6,6,6,6,6,6,6,6,6,6,6,6
60,65,71,71,72,72,72,73,74,74,76,79,83,87,90,92,92,93,93,95,95,96,96
111,118,123,127,128,132,133,137,138,139,141,142,144,146,146,146,0,0,0,150,0,0,154
1102,1159,1200,1226,1243,1298,1333,1412,1445,1463,1482,1502,1584,1632,0,1722,0,0,0,1909,0,0,2001
224,238,278,305,314,338,347,393,402,422,442,485,506,547,0,598,0,0,0,666,0,0,713
138,159,199,241,256,298,315,382,396,446,465,524,614,680,0,807,0,0,0,889,0,0,911
1,1,6,8,8,9,9,14,14,14,16,18,21,28,29,33,37,41,47,50,55,59,64
104,115,139,159,166,193,201,218,225,243,256,268,283,307,0,336,0,0,0,386,0,0,419
119,141,190,208,218,229,230,232,239,248,256,269,296,329,0,367,0,0,0,422,0,0,471
248,287,323,347,355,373,378,401,408,441,441,442,430,437,0,449,0,0,0,467,0,0,480
195,210,240,259,268,282,292,325,234,346,354,361,374,392,402,420,431,442,452,462,477,495,516
124,247,271,281,283,294,299,308,312,320,325,330,338,351,362,370,374,379,383,387,392,395,397
5,6,11,14,16,19,19,22,22,23,23,24,24,24,24,24,25,25,26,26,26,26,26
624,644,672,675,683,705,706,722,727,737,742,756,778,765,774,780,795,802,816,825,834,850,860
4,6,12,15,15,15,15,16,17,18,19,21,22,23,23,23,23,23,23,23,24,24,25
56,66,77,88,90,102,108,119,125,134,138,140,143,149,151,154,156,158,162,167,169,171,173
72,87,123,145,158,173,173,174,175,176,176,176,176,176,176,176,176,176,176,176,176,176,176
1,1,2,3,3,3,3,2,2,2,2,2,2,2,2,2,2,2,2,2,2,2,2
8,12,14,15,15,15,16,16,26,42,44,45,47,47,48,50,50,50,50,50,50,51,51
7,8,10,11,11,11,11,0,0,0,0,0,0,0,0,0,0,0,0,0,0,0,0
113,123,168,191,199,238,250,302,332,365,374,395,452,465,482,497,508,516,525,538,547,554,562
628,638,684,718,729,754,767,808,813,829,842,860,881,903,0,936,0,0,0,974,0,0,985
9,12,17,19,19,20,20,22,22,24,26,27,30,31,31,31,0,0,0,31,0,0,35
157,190,239,263,282,336,348,407,432,458,465,482,590,642,0,738,0,0,0,868,0,0,934
156,178,182,193,196,209,217,237,241,224,230,244,268,290,0,299,0,0,0,323,0,0,343
433,495,521,551,566,602,615,649,656,675,691,712,735,760,0,800,0,0,0,871,0,0,905
1224,1232,1265,1268,1279,1306,1308,1311,1317,1323,1328,1334,1337,1328,0,1328,0,0,0,1325,0,0,1334
284,294,313,326,329,337,340,348,350,353,365,374,386,398,0,411,0,0,0,425,0,0,438
1825,1854,1864,1890,1899,1931,1937,1966,1994,2018,2063,2097,2140,2178,0,2258,0,0,0,2349,0,0,2388
402,427,455,469,475,498,501,531,543,564,583,597,616,646,0,668,0,0,0,708,0,0,739
57,60,77,79,79,80,80,81,81,81,81,81,81,81,58,87,87,87,88,89,89,89,90
3334,3372,3425,3466,3482,3513,3523,3544,3542,3532,3524,3482,3443,3228,0,3187,0,0,0,3030,0,0,2916
31,44,59,77,84,108,124,164,181,196,204,234,254,266,288,303,0,0,0,353,0,0,388
1167,1192,1236,1261,1268,1291,1299,1335,1348,1371,1389,1408,1452,0,0,0,0,0,0,0,0,0,0
16,20,34,47,51,61,63,72,77,81,82,0,0,0,0,0,0,0,0,0,0,0,0
276,302,337,357,364,381,383,414,428,437,445,465,472,485,0,509,0,0,0,554,0,0,597
65,77,90,98,102,117,122,134,140,146,157,171,184,193,202,216,0,0,0,244,0,0,267
246,283,328,353,361,392,401,452,485,521,543,589,654,695,0,773,0,0,0,941,0,0,1053
133,168,179,191,195,206,208,221,221,223,232,239,245,252,0,264,0,0,0,306,0,0,326
245,260,285,310,318,344,351,375,388,397,412,430,447,457,0,483,0,0,0,536,0,0,582
300,322,372,387,398,414,420,450,458,465,473,488,515,534,0,560,0,0,0,637,0,0,675
751,895,521,942,946,966,982,1029,1039,1067,1070,1075,10,1147,0,1155,0,0,0,1191,0,0,1230
990,1099,1142,1166,1172,1199,1205,1235,1238,1242,1254,1266,1275,1294,0,1316,0,0,0,1354,0,0,1392
2,4,6,6,6,7,7,7,7,7,7,7,7,7,7,7,7,7,7,7,7,7,7
139,153,171,184,193,214,219,240,248,261,273,284,293,301,312,322,0,0,0,354,0,0,375
29,29,49,57,63,75,76,91,99,106,112,127,138,143,0,159,0,0,0,189,0,0,206
548,548,578,599,605,635,641,665,678,689,699,713,737,747,0,763,0,0,0,822,0,0,848
239,239,262,268,272,290,292,307,312,318,320,320,0,0,0,0,0,0,0,0,0,0,0
92,100,112,127,131,142,151,169,185,191,198,207,222,232,0,260,269,0,0,323,0,0,353
311,322,353,383,387,412,423,442,451,460,474,492,504,527,0,574,0,0,0,644,0,0,693
202,212,215,217,217,216,216,217,217,217,217,216,216,216,0,217,0,0,0,218,0,0,222
2,2,3,3,3,3,3,3,3,3,3,3,3,3,3,3,3,3,4,5,5,5,5
189,212,251,256,258,260,262,264,265,266,268,269,271,271,0,272,0,0,0,274,0,0,277
456,481,506,515,525,549,556,578,581,590,603,616,627,622,0,618,0,0,0,641,0,0,676
83,103,113,130,141,169,174,194,202,214,228,244,257,279,0,322,0,0,0,367,0,0,395
205,226,262,280,285,307,316,339,345,356,365,375,399,404,0,422,0,0,0,450,0,0,475
88,107,129,139,143,152,153,165,170,174,178,184,190,197,0,205,0,0,0,229,0,0,243
2,3,9,11,12,12,13,13,13,13,13,13,13,13,13,13,13,13,13,13,13,13,13
10,13,24,31,35,51,53,64,74,82,89,102,122,135,0,158,0,0,0,200,0,0,217
78,81,97,101,105,117,117,132,136,141,147,152,158,158,0,159,0,0,0,165,0,0,182
524,550,594,603,608,615,616,635,641,647,654,663,671,681,0,736,0,0,0,785,0,0,818
60,77,87,90,92,103,104,113,118,122,124,126,129,136,0,144,0,0,0,159,0,0,168
5,7,16,19,19,27,31,43,45,49,57,64,87,92,0,121,0,0,0,174,185,204,222
1324,1345,1368,1322,1324,1311,1292,1271,1274,1280,1274,1269,1266,1231,0,1239,0,0,0,1196,0,0,1186
208,235,293,322,332,383,398,460,480,511,522,531,640,679,0,784,0,0,0,978,0,0,1074
205,267,290,305,312,319,319,325,328,336,345,349,359,364,0,397,0,0,0,449,0,0,492
18,23,54,79,87,108,112,134,142,154,162,182,192,208,0,245,0,0,0,303,0,0,336
286,307,368,399,405,429,437,451,452,456,461,467,474,477,0,479,0,0,0,496,0,0,507
16,28,32,34,35,36,37,41,42,44,46,47,50,53,53,54,55,56,56,58,60,62,64
37,48,60,69,75,87,94,111,118,127,135,148,167,178,0,188,0,0,0,217,0,0,227
515,540,548,548,549,549,549,549,549,549,549,550,550,550,0,551,0,0,0,555,0,0,555
363,370,396,411,416,427,434,455,455,455,457,461,463,468,0,489,0,0,0,507,0,0,528
1853,1908,1901,1891,1889,1892,1886,1886,1886,1886,1888,1890,1896,1908,0,1936,0,0,0,1950,0,0,1954
8,12,15,15,16,16,16,17,18,19,20,22,23,26,27,28,29,30,30,32,32,32,32
47,55,59,59,60,61,61,61,61,61,61,61,60,60,0,60,0,0,0,58,0,0,49
3,4,6,6,6,7,7,7,7,7,7,7,7,7,7,7,7,7,7,7,7,7,7
1,1,2,2,2,2,2,2,2,2,2,2,2,2,2,2,2,2,2,2,2,2,2
3,4,5,5,5,6,6,7,7,7,7,7,9,11,11,11,11,11,12,12,12,13,13
7,8,36,64,77,118,136,176,185,229,264,286,328,358,0,388,0,0,0,480,0,0,525
2,3,4,4,4,5,5,5,5,5,5,5,5,5,5,5,5,5,5,5,5,6,6
212,227,244,257,258,271,275,280,284,285,289,295,302,303,0,316,0,0,0,326,0,0,341
113,141,159,167,171,178,179,201,205,208,214,225,234,242,0,273,0,0,0,316,0,0,346
412,434,456,466,468,476,480,488,489,490,498,504,513,517,0,525,0,0,0,537,0,0,538
7,8,30,48,57,109,137,226,243,362,412,523,664,736,0,922,0,0,0,1143,0,0,1288
12,17,18,18,18,18,18,18,18,18,18,18,18,19,19,19,19,19,20,20,20,21,21
185,220,281,309,332,373,392,472,479,542,547,562,673,703,0,753,0,0,0,956,0,0,1043
7,8,13,14,15,16,16,18,18,18,18,19,20,21,21,22,23,23,24,24,25,25,26
19,26,33,36,38,41,41,42,42,43,44,46,48,50,50,50,50,51,51,52,52,53,54
2,3,3,3,3,3,3,3,3,3,3,4,4,4,4,4,4,4,4,4,4,4,4
342,352,367,375,378,381,377,386,391,395,398,401,404,396,0,398,0,0,0,409,0,0,409
325,348,362,363,365,365,365,365,366,367,367,367,367,367,0,367,0,0,0,367,0,0,367
495,512,551,576,587,615,624,664,675,692,705,734,765,768,0,746,0,0,0,760,0,0,790
541,550,558,568,570,581,580,576,576,576,581,592,595,604,615,622,631,637,641,645,650,654,661
224,235,269,285,299,318,323,356,356,356,359,361,362,373,0,381,0,0,0,383,0,0,392
852,872,891,900,905,925,932,957,965,974,986,996,1007,1017,0,1036,0,0,0,1057,0,0,1089
124,144,155,175,178,188,191,204,208,218,235,244,268,278,0,301,0,0,0,351,0,0,395
3,6,14,17,17,21,21,21,21,21,22,22,24,25,25,26,26,27,27,27,28,28,28
37,42,71,112,129,200,201,224,231,239,288,413,468,542,0,740,0,0,0,1080,0,0,1278
47,53,76,93,95,99,101,115,117,119,123,128,136,140,0,140,0,0,0,160,0,0,164
45,52,63,72,74,91,94,103,105,114,118,127,135,141,0,154,0,0,0,188,0,0,212
856,882,882,868,866,861,854,850,845,841,849,852,864,859,0,882,0,0,0,906,0,0,931
22,26,34,37,38,42,43,46,48,50,52,56,58,59,60,62,64,65,67,68,69,70,72
235,243,253,259,263,267,269,281,281,282,287,291,294,297,0,302,0,0,0,293,0,0,300
40,46,61,73,76,84,87,105,106,110,118,128,140,144,0,159,0,0,0,190,0,0,203
432,466,491,510,513,527,534,559,574,581,589,594,608,593,0,608,0,0,0,619,0,0,616
817,826,820,810,808,805,792,767,762,757,746,735,719,670,0,644,0,0,0,584,0,0,545
324,338,341,334,337,334,334,343,348,358,362,375,383,381,0,388,0,0,0,410,0,0,419
90,108,165,187,193,210,218,227,237,240,265,276,331,352,0,397,0,0,0,469,0,0,511
4,5,7,7,7,7,7,8,8,8,8,9,9,11,11,11,11,11,11,11,11,11,11
421,441,444,443,445,452,455,461,462,464,467,470,472,473,0,473,0,0,0,474,0,0,476
2,3,3,3,4,4,4,4,4,4,4,4,4,5,5,5,6,7,7,8,8,8,8
1724,1760,1785,1802,1807,1822,1826,1842,1849,1855,1860,1877,1888,1898,0,1934,0,0,0,2046,0,0,2088
105,123,143,153,159,177,183,202,207,217,231,246,262,273,0,291,0,0,0,317,0,0,347
27,38,39,41,41,42,42,42,43,44,44,45,45,45,45,46,46,46,46,46,46,46,46
101,108,115,121,121,122,122,122,122,117,115,113,112,112,0,114,0,0,0,117,0,0,120
222,241,268,284,289,306,316,350,365,374,385,405,433,439,0,475,0,0,0,541,0,0,589
531,561,707,736,742,748,746,742,740,739,744,748,753,742,0,749,0,0,0,746,0,0,743
33,45,64,79,84,92,96,114,120,129,142,165,193,227,0,262,0,0,0,331,0,0,390
42,69,99,113,119,140,140,140,140,140,140,140,140,140,0,140,0,0,0,140,0,0,143
1,1,2,2,2,2,2,2,2,2,2,3,3,3,3,3,3,3,3,3,3,3,3
12,18,24,28,29,32,35,37,39,42,48,54,63,65,0,69,0,0,0,95,0,0,116
142,154,165,169,169,172,172,178,179,193,198,211,219,224,0,235,0,0,0,251,0,0,271
215,223,240,251,254,264,268,283,288,296,299,304,316,319,0,333,0,0,0,339,0,0,345
85,97,113,119,120,124,124,124,124,124,126,130,133,137,0,156,0,0,0,169,0,0,178
28,38,51,55,55,61,66,74,76,79,85,96,114,119,0,125,0,0,0,155,0,0,175
7,13,18,19,20,21,22,25,26,27,27,28,29,30,31,32,34,38,42,49,52,56,58
325,334,376,390,398,414,422,448,456,479,487,517,549,556,567,585,0,0,0,653,0,0,700
7,14,21,25,26,33,34,36,38,40,42,43,46,53,55,58,59,60,62,63,63,63,64
1002,1081,1088,1103,1105,1107,1116,1115,1118,1120,1122,1131,1139,1143,0,1152,0,0,0,1188,0,0,1196
45,70,112,169,204,259,288,314,316,318,319,319,321,321,0,325,0,0,0,325,0,0,327
116,120,135,139,144,154,158,188,195,201,204,215,232,239,0,267,0,0,0,291,0,0,322
202,212,222,229,233,242,245,259,262,270,273,27,281,287,0,310,0,0,0,328,0,0,343
69,72,89,108,112,121,123,144,149,156,164,173,180,184,0,192,0,0,0,197,0,0,190
8,9,12,13,13,14,14,16,16,17,19,19,22,23,24,25,25,25,26,26,26,27,28
122,134,145,150,152,160,163,171,173,176,182,189,201,205,0,210,0,0,0,231,0,0,242
402,418,434,446,447,448,448,449,449,449,447,446,444,433,0,437,0,0,0,427,0,0,411
65,73,72,72,72,72,72,72,72,72,72,73,73,37,32,27,26,25,25,24,23,22,22
111,122,139,146,156,167,168,168,168,168,169,171,173,176,0,181,0,0,0,188,0,0,190
321,343,348,350,350,362,359,377,378,379,382,385,387,387,0,389,0,0,0,397,0,0,402
203,225,263,280,288,300,302,334,345,361,374,392,450,461,485,503,526,545,576,590,613,622,632
329,378,411,436,445,470,480,500,502,518,532,545,569,579,0,629,0,0,0,682,0,0,713
652,668,699,716,721,736,737,758,761,769,774,785,794,803,0,812,0,0,0,829,0,0,840
2,2,2,2,2,3,3,3,3,3,3,4,4,4,4,3,3,3,3,3,3,3,3
178,200,211,213,214,219,222,226,227,228,229,231,233,235,0,238,0,0,0,242,0,0,244
1,1,1,1,1,1,1,1,1,1,1,1,1,1,1,1,1,1,1,1,1,1,1
256,264,278,296,300,317,323,354,354,376,393,417,437,451,0,486,0,0,0,551,0,0,592
32,39,43,44,45,48,48,52,54,55,58,58,59,59,60,60,0,0,0,61,0,0,62
1,1,2,2,2,2,2,2,2,2,3,3,3,3,3,3,3,3,3,3,3,3,3
65,79,90,98,100,109,112,126,128,140,158,165,179,191,0,209,0,0,0,255,0,0,285
202,221,220,216,214,220,219,218,218,210,208,207,205,193,0,191,0,0,0,203,0,0,195
22,29,30,31,31,31,31,31,31,31,31,31,31,31,31,32,33,33,34,34,34,34,34
897,897,890,868,869,851,845,836,822,819,796,781,762,685,0,671,0,0,0,601,0,0,571
842,850,858,854,859,866,865,865,868,877,878,880,881,875,0,871,0,0,0,872,0,0,872
285,291,315,331,334,351,356,387,394,406,415,423,432,442,0,466,0,0,0,507,0,0,544
36,43,54,62,62,71,77,85,94,106,138,146,185,228,0,283,0,0,0,380,0,0,464
124,130,186,237,258,348,372,482,499,595,634,725,834,861,0,934,0,0,0,1081,0,0,1193
203,309,341,348,351,355,355,362,365,369,372,378,384,387,0,389,0,0,0,403,0,0,416
95,108,126,138,144,170,177,209,215,228,242,257,279,292,0,312,0,0,0,341,0,0,345
7,11,15,17,18,19,19,22,24,26,27,29,32,33,33,34,34,34,34,34,35,36,37
15,24,27,29,30,30,32,35,36,37,37,37,38,39,40,40,41,42,42,43,44,44,44
247,257,278,285,289,298,298,298,298,299,301,302,305,308,0,311,0,0,0,317,0,0,330
185,191,199,201,203,209,211,219,222,225,229,235,241,245,0,258,0,0,0,275,0,0,282
26,30,38,45,48,57,61,72,78,81,92,102,120,135,0,155,0,0,0,194,0,0,214
227,230,271,283,285,293,296,320,334,355,376,409,429,453,0,483,0,0,0,574,0,0,627
26,36,46,50,53,55,56,60,62,64,67,71,77,78,78,79,80,82,83,84,86,88,90
188,205,218,233,234,239,250,270,265,285,299,310,325,336,0,352,0,0,0,393,0,0,432
1,1,1,1,1,1,1,2,2,2,2,3,3,3,3,3,3,3,4,4,4,5,5
234,238,254,264,267,283,283,288,288,288,291,998,301,311,0,322,0,0,0,338,0,0,354
1390,1401,1428,1435,1438,1457,1462,1472,1471,1473,1474,1475,1478,1483,0,1485,0,0,0,1263,0,0,1132
42,57,76,94,100,108,111,118,119,126,130,134,140,146,0,153,0,0,0,157,0,0,170
137,163,174,176,176,178,180,188,192,203,222,242,253,261,0,288,0,0,0,339,0,0,366
302,315,327,336,339,350,355,357,357,357,364,366,370,374,0,381,0,0,0,380,0,0,373
207,236,255,267,268,286,286,283,283,283,290,305,312,321,0,338,0,0,0,355,0,0,381
6,8,8,8,8,8,8,8,8,8,9,9,9,9,9,9,9,9,9,9,9,9,9
60,63,65,66,66,68,69,70,72,75,76,77,78,78,0,80,0,0,0,84,0,0,89
352,360,372,73,74,86,89,98,100,102,103,105,106,106,0,106,0,0,0,108,0,0,111
1,1,1,1,1,1,1,1,1,1,1,1,1,1,1,1,1,1,1,1,1,1,1
1,1,2,3,3,3,3,3,4,5,5,5,5,5,5,5,5,5,6,6,6,6,6
0,0,0,117,120,129,132,146,151,161,168,188,203,210,0,237,0,0,0,271,0,0,296
0,0,0,1,2,2,3,3,3,3,3,3,3,3,3,3,3,3,3,3,3,3,3
0,0,0,2,2,3,3,3,3,3,3,3,3,3,3,3,3,3,3,3,3,4,4
0,0,0,1,1,1,1,1,1,1,1,1,1,2,2,2,2,2,2,2,2,2,2
0,0,0,59,61,61,61,61,61,61,61,61,61,61,61,62,62,62,70,70,72,75,79
0,0,0,181,182,185,187,189,190,192,192,193,196,200,0,207,0,0,0,214,0,0,220
0,0,0,262,265,267,269,273,273,273,274,275,277,279,0,284,0,0,0,303,0,0,318
0,0,0,62,64,77,81,1,1,1,1,1,673,703,0,753,0,0,0,956,0,0,1043
0,0,0,49,50,50,52,56,56,58,60,62,66,67,68,69,70,72,75,76,78,80,82
0,0,0,215,214,212,214,210,211,212,210,209,209,211,209,206,204,202,201,200,198,197,196
0,0,0,51,52,58,60,67,68,75,84,92,103,111,0,119,0,0,0,175,0,0,196
0,0,0,51,52,53,52,54,55,56,56,56,57,55,55,55,55,55,55,55,55,55,55
0,0,0,21,21,24,25,28,28,29,30,31,31,31,32,33,33,34,34,35,36,38,39
0,0,0,52,53,53,53,57,58,59,61,64,67,66,66,66,67,70,75,81,83,85,87
0,0,0,109,109,110,110,114,114,115,118,121,123,123,0,125,0,0,0,127,0,0,127
0,0,0,57,58,59,61,66,70,73,76,79,83,86,85,88,90,91,93,94,96,99,103
0,0,0,70,71,70,70,73,74,75,78,79,81,85,85,85,85,86,87,88,89,93,95
0,0,0,362,366,381,383,396,402,412,419,445,453,459,0,480,0,0,0,532,0,0,570
0,0,0,222,222,227,228,232,232,232,233,234,235,232,0,228,0,0,0,219,0,0,217
0,0,0,226,226,220,221,215,215,215,216,218,220,215,0,215,0,0,0,220,0,0,227
0,0,0,141,141,142,142,145,145,146,147,149,150,151,0,156,0,0,0,163,0,0,164
0,0,0,2,2,2,2,2,2,2,2,2,2,2,2,2,2,2,2,2,2,2,2
0,0,0,81,81,81,81,89,87,87,89,91,94,95,97,98,100,102,103,106,108,109,112
0,0,0,228,228,225,224,222,223,224,228,231,234,231,0,235,0,0,0,244,0,0,247
0,0,0,94,94,95,95,96,96,97,97,97,97,96,96,97,97,97,97,97,97,98,98
0,0,0,27,27,26,25,26,26,26,26,25,25,24,25,26,26,26,26,26,25,24,24
0,0,0,71,74,78,81,87,88,93,96,105,112,113,116,119,121,124,127,133,137,142,147
0,0,0,99,100,100,100,100,100,100,100,101,101,103,104,106,107,108,110,111,112,113,113
0,0,0,42,42,42,42,42,42,42,41,41,40,39,39,39,39,39,39,39,39,38,38
0,0,0,149,150,149,147,144,142,141,140,139,138,131,0,125,0,0,0,119,0,0,115
0,0,0,135,136,139,141,146,148,153,154,156,158,155,0,158,0,0,0,159,0,0,164
0,0,0,115,116,117,118,129,129,133,134,135,135,136,0,136,0,0,0,137,0,0,140
0,0,0,65,66,67,68,69,69,69,69,69,69,68,70,72,72,73,73,73,74,75,76
0,0,0,173,173,174,174,176,176,178,179,180,182,183,0,186,0,0,0,188,0,0,187
0,0,0,98,98,100,101,101,101,101,101,101,101,102,102,103,104,105,106,107,107,107,110
0,0,0,3,3,4,4,5,5,5,6,6,6,6,6,6,6,6,7,7,7,7,7
0,0,0,24,24,26,26,26,26,27,27,27,27,27,27,27,27,27,28,28,29,30,31
0,0,0,76,76,78,80,82,81,81,82,82,84,82,86,88,90,91,96,96,98,101,102
0,0,0,29,29,29,29,30,30,30,30,30,30,30,30,31,31,32,32,32,32,32,32
0,0,0,1,1,1,2,3,3,3,3,4,4,4,4,4,4,4,4,4,4,4,4
0,0,0,26,27,27,27,29,29,29,30,32,34,34,35,37,37,38,40,41,41,42,42
0,0,0,4,4,4,4,5,5,5,5,5,5,6,6,6,6,6,6,6,6,7,7
0,0,0,24,24,27,29,30,31,32,34,36,40,42,42,42,44,46,47,51,53,55,58
0,0,0,81,82,83,84,85,86,88,89,91,94,94,0,103,0,0,0,110,0,0,117
0,0,0,151,154,158,161,160,160,161,164,168,171,174,0,177,0,0,0,193,0,0,203
0,0,0,82,83,85,85,91,93,95,98,101,103,104,0,106,0,0,0,107,0,0,111
0,0,0,66,69,69,69,73,73,73,73,73,73,73,74,75,77,77,79,81,84,86,89
0,0,0,16,18,18,19,21,22,24,24,25,26,28,29,30,31,32,34,35,36,36,37
0,0,0,43,45,52,60,62,63,68,69,81,82,87,91,98,101,107,111,116,121,125,128
0,0,0,239,244,260,266,289,292,302,307,317,327,374,0,492,0,0,0,555,0,0,583
0,0,0,213,222,239,250,289,300,327,362,385,412,447,0,501,0,0,0,599,0,0,659
0,0,0,1283,1285,1278,1271,1271,1265,1258,1251,1246,1238,1082,0,927,0,0,0,829,0,0,741
0,0,0,109,113,117,118,123,126,129,130,131,133,130,0,133,0,0,0,148,0,0,155
0,0,0,165,171,178,179,201,205,208,224,228,234,242,0,273,0,0,0,316,0,0,346
0,0,0,26,28,34,39,45,46,46,49,52,62,62,63,65,67,68,70,72,72,73,74
0,0,0,282,284,289,290,296,299,301,302,303,306,308,0,310,0,0,0,316,0,0,321
0,0,0,26,32,38,40,43,46,50,51,53,54,54,55,57,58,59,61,62,63,65,67
0,0,0,190,192,195,197,204,205,209,211,216,218,216,0,218,0,0,0,213,0,0,204
0,0,0,113,120,138,144,158,166,172,182,193,210,221,0,254,0,0,0,301,0,0,343
0,0,0,22,22,23,23,25,25,25,25,26,27,27,27,28,28,29,31,31,31,32,32
0,0,0,169,181,189,191,209,210,224,236,245,253,262,0,270,0,0,0,298,0,0,314
0,0,0,13,23,29,32,42,43,44,46,49,53,55,55,56,59,60,64,66,69,70,72
0,0,0,48,49,51,52,53,53,53,53,53,53,53,53,53,54,55,56,57,57,57,57
0,0,0,134,143,152,153,165,168,174,175,186,190,197,0,205,0,0,0,229,0,0,243
0,0,0,2,2,4,5,4,4,4,4,4,2,1,1,1,1,1,1,1,1,1,1
0,0,0,746,751,770,778,786,788,791,798,809,817,823,0,833,0,0,0,847,0,0,844
0,0,0,50,52,53,55,59,60,62,63,63,65,66,67,69,69,70,70,71,72,73,75
0,0,0,50,57,65,67,75,79,85,88,95,102,106,0,113,0,0,0,135,0,0,144
0,0,0,33,39,48,53,58,67,72,78,108,127,136,0,156,0,0,0,219,0,0,258
0,0,0,748,778,806,816,823,827,830,830,842,852,856,0,875,0,0,0,899,0,0,916
0,0,0,19,21,24,25,25,26,28,30,33,35,34,35,37,38,39,40,41,44,47,51
0,0,0,134,140,149,149,148,149,150,159,165,179,188,0,204,0,0,0,233,0,0,274
0,0,0,19,27,31,33,42,47,49,51,56,66,71,77,84,89,92,97,102,107,113,118
0,0,0,546,559,576,582,606,624,631,636,648,675,687,0,711,0,0,0,767,0,0,797
0,0,0,67,76,89,94,117,119,125,135,146,154,160,0,167,0,0,0,224,0,0,263
0,0,0,7,8,7,7,9,9,9,9,8,8,8,8,8,8,8,8,8,8,8,8
0,0,0,98,103,107,108,112,113,115,118,121,126,128,0,128,0,0,0,132,0,0,135
0,0,0,81,82,102,106,119,124,134,139,147,158,162,0,167,0,0,0,175,0,0,182
0,0,0,805,812,820,815,822,822,814,818,820,823,810,0,804,0,0,0,794,0,0,780
0,0,0,70,71,76,80,83,85,87,93,97,102,106,0,113,0,0,0,121,0,0,121
0,0,0,262,268,286,286,283,283,283,288,300,312,321,0,338,0,0,0,355,0,0,381
0,0,0,96,100,109,112,126,133,140,146,163,179,191,0,209,0,0,0,255,0,0,285
0,0,0,56,57,63,65,70,70,70,72,73,75,77,78,79,80,81,82,83,85,86,88
0,0,0,213,221,232,236,253,258,261,270,282,291,299,0,308,0,0,0,330,0,0,338
0,0,0,57,61,67,68,74,78,80,82,84,85,93,96,99,102,104,106,108,109,114,118
0,0,0,47,53,61,61,66,66,66,70,75,86,94,0,103,0,0,0,116,0,0,134
0,0,0,55,67,77,81,100,105,116,125,137,160,168,0,186,0,0,0,227,0,0,262
0,0,0,85,90,102,108,119,1224,134,138,141,145,149,0,153,0,0,0,167,0,0,173
0,0,0,96,102,117,122,134,138,146,153,172,184,193,0,216,0,0,0,244,0,0,267
0,0,0,44,49,53,53,55,56,57,60,61,63,66,69,71,72,75,76,78,79,80,82
0,0,0,23,27,32,36,50,55,62,65,70,77,80,0,88,0,0,0,108,0,0,120
0,0,0,1088,1099,1102,1102,1111,1124,1132,1134,1138,1141,1099,0,1071,0,0,0,1064,0,0,1079
0,0,0,234,240,248,254,269,273,285,291,300,311,320,0,330,0,0,0,351,0,0,363
0,0,0,28,30,32,34,35,36,37,39,41,44,44,48,51,53,54,57,62,66,68,73
0,0,0,132,141,152,162,188,197,224,234,248,282,291,0,317,0,0,0,325,0,0,338
0,0,0,547,546,551,550,562,562,559,552,550,548,533,0,549,0,0,0,561,0,0,560
0,0,0,1,2,2,2,2,2,2,2,2,2,2,2,2,2,2,2,2,3,3,3
0,0,0,580,583,584,588,583,588,591,596,599,604,601,0,616,0,0,0,617,0,0,609
0,0,0,321,321,323,322,324,325,326,324,323,322,320,0,326,0,0,0,330,0,0,326
0,0,0,150,152,163,164,170,171,172,175,180,186,189,0,194,0,0,0,201,0,0,212
0,0,0,183,188,193,194,199,201,203,207,211,213,213,0,215,0,0,0,217,0,0,217
0,0,0,32,32,35,36,41,41,41,42,45,47,52,54,56,58,61,63,66,69,71,73
0,0,0,42,44,50,53,60,62,65,69,71,78,80,82,84,85,85,86,87,89,92,94
0,0,0,152,159,177,183,202,209,217,227,245,262,273,0,291,0,0,0,317,0,0,347
0,0,0,738,747,770,771,794,707,829,835,856,893,907,0,946,0,0,0,962,0,0,986
0,0,0,270,285,307,316,339,344,356,367,382,399,404,0,422,0,0,0,450,0,0,471
0,0,0,35,53,77,83,114,125,141,163,188,215,236,0,274,0,0,0,359,0,0,429
0,0,0,30,32,36,37,39,40,41,43,47,50,53,58,61,64,65,68,70,72,74,75
0,0,0,55,62,68,72,84,86,90,96,100,107,117,0,126,0,0,0,144,0,0,153
0,0,0,89,94,102,104,119,119,119,125,128,130,135,0,150,0,0,0,176,0,0,195
0,0,0,373,378,381,377,386,388,395,399,401,404,396,0,398,0,0,0,409,0,0,409
0,0,0,79,90,100,105,121,125,137,143,155,171,180,0,197,0,0,0,247,0,0,275
0,0,0,138,140,142,143,147,148,148,151,153,155,158,0,162,0,0,0,176,0,0,178
0,0,0,69,72,80,80,93,95,97,102,108,113,117,0,129,0,0,0,141,0,0,148
0,0,0,50,53,61,62,67,68,70,73,76,80,83,88,90,93,96,99,102,104,106,107
0,0,0,66,78,109,125,191,195,281,312,344,496,524,0,605,0,0,0,732,0,0,797
0,0,0,5,5,5,5,6,6,6,6,7,7,6,6,6,6,7,8,9,9,10,10
0,0,0,14,15,16,17,17,17,17,18,21,23,23,23,23,23,23,24,24,24,24,24
0,0,0,158,170,182,184,195,199,208,223,227,230,236,0,264,0,0,0,302,0,0,388
0,0,0,31,33,38,39,44,48,53,59,65,70,71,75,78,79,81,83,85,86,87,88
0,0,0,24,26,33,34,36,37,40,42,44,46,53,56,58,60,61,62,63,63,64,64
0,0,0,662,664,666,665,669,670,670,672,673,674,673,0,685,0,0,0,700,0,0,700
0,0,0,60,65,75,78,81,85,88,92,95,101,104,0,114,0,0,0,131,0,0,141
0,0,0,168,178,188,191,204,208,218,241,252,268,278,0,301,0,0,0,351,0,0,395
0,0,0,75,84,92,96,114,121,129,146,162,193,227,0,262,0,0,0,331,0,0,390
0,0,0,164,170,185,189,205,213,244,251,259,263,273,0,311,0,0,0,392,0,0,451
0,0,0,399,406,410,410,420,420,423,425,428,430,431,0,437,0,0,0,448,0,0,453
0,0,0,124,134,146,152,171,178,195,211,230,238,247,0,281,0,0,0,343,0,0,367
0,0,0,108,110,119,120,133,137,142,145,150,155,162,0,173,0,0,0,187,0,0,191
0,0,0,11,21,39,46,84,93,122,164,204,246,283,0,356,0,0,0,472,0,0,578
0,0,0,342,360,372,374,385,394,401,412,432,442,458,0,477,0,0,0,520,0,0,541
0,0,0,688,692,696,694,678,676,677,666,652,646,613,0,618,0,0,0,597,0,0,609
0,0,0,2,3,3,3,3,3,3,3,3,4,5,5,5,5,5,5,5,5,5,5
0,0,0,233,236,238,238,243,243,244,246,248,249,250,0,252,0,0,0,265,0,0,278
0,0,0,8,8,9,11,11,11,11,11,11,11,11,12,14,15,16,16,17,17,17,17
0,0,0,92,92,94,95,97,97,98,99,101,102,109,111,113,0,0,0,125,0,0,134
0,0,0,2,2,2,2,2,2,2,2,2,2,2,2,2,2,2,2,2,2,2,2
0,0,0,12,12,13,13,14,14,14,14,15,15,17,17,17,17,18,18,18,18,18,18
0,0,0,28,30,38,42,55,58,61,63,66,74,76,79,82,84,85,87,91,93,94,95
0,0,0,361,370,378,380,384,386,396,399,402,409,411,0,418,0,0,0,435,0,0,443
0,0,0,274,279,288,290,302,303,306,313,318,325,330,0,340,0,0,0,358,0,0,368
0,0,0,62,70,82,87,98,104,119,128,145,164,193,0,214,0,0,0,278,0,0,322
0,0,0,1,1,1,1,1,1,1,1,1,1,1,1,1,1,1,1,1,1,1,1
0,0,0,196,200,206,207,213,215,215,218,220,222,222,0,225,0,0,0,230,0,0,234
0,0,0,107,116,124,129,155,159,172,179,186,201,205,0,217,0,0,0,220,0,0,229
0,0,0,1,1,1,1,1,1,1,1,1,1,1,1,1,1,1,1,1,1,1,1
0,0,0,56,59,62,63,68,70,72,74,76,77,76,75,75,0,0,0,75,0,0,75
0,0,0,10,10,13,13,15,16,17,17,18,19,20,20,21,0,0,0,22,0,0,22
0,0,0,68,69,70,72,73,76,78,79,80,80,80,82,84,0,0,0,85,0,0,87
0,0,0,164,167,178,182,191,195,201,208,216,226,230,0,239,0,0,0,262,0,0,291
0,0,0,4,5,5,5,5,5,5,5,5,5,5,5,5,5,5,5,5,5,5,5
0,0,0,201,208,220,222,234,238,243,248,255,266,277,0,288,0,0,0,294,0,0,312
0,0,0,160,166,172,172,178,179,181,182,183,185,186,0,188,0,0,0,185,0,0,178
0,0,0,14,18,22,22,27,28,32,33,36,39,41,43,46,48,49,51,55,57,60,63
0,0,0,8,12,13,15,16,16,16,17,18,19,21,21,22,23,24,24,25,26,26,27
0,0,0,15,17,20,22,33,38,48,52,64,89,93,0,100,0,0,0,121,0,0,131
0,0,0,121,125,126,127,131,132,134,134,135,135,137,0,139,0,0,0,142,0,0,140
0,0,0,17,17,18,18,18,19,21,23,25,28,29,29,30,30,30,30,30,30,30,30
0,0,0,99,104,112,113,119,122,125,128,132,136,139,0,140,0,0,0,146,0,0,147
0,0,0,363,361,361,362,361,362,365,365,366,368,370,0,371,0,0,0,367,0,0,358
0,0,0,327,324,326,323,321,320,317,315,314,310,288,0,279,0,0,0,273,0,0,271
0,0,0,114,118,131,134,148,158,170,176,188,201,215,0,235,0,0,0,268,0,0,278
0,0,0,39,39,40,41,43,43,43,43,43,43,44,44,44,44,46,47,48,48,48,48
0,0,0,122,131,142,151,169,172,191,198,205,222,232,0,260,0,0,0,323,0,0,353
0,0,0,147,165,183,195,250,259,292,299,412,428,481,0,578,0,0,0,865,0,0,1067
0,0,0,175,182,198,200,209,211,216,222,234,245,252,0,274,0,0,0,309,0,0,327
0,0,0,148,152,160,163,171,174,176,185,193,201,205,0,210,0,0,0,231,0,0,242
0,0,0,70,77,85,89,103,105,110,115,119,125,125,0,126,0,0,0,136,0,0,144
0,0,0,59,67,76,79,92,95,108,118,132,157,161,0,187,0,0,0,211,0,0,222
0,0,0,143,145,150,153,158,160,163,168,170,176,179,0,186,0,0,0,207,0,0,215
0,0,0,1,1,1,1,1,2,3,3,3,3,3,3,3,3,3,3,3,3,3,3
0,0,0,24,31,39,45,51,55,59,66,85,101,110,0,138,0,0,0,180,0,0,216
0,0,0,9,14,19,19,24,25,27,31,36,42,48,50,53,55,59,62,68,72,76,82
0,0,0,336,337,334,334,343,345,358,363,371,383,381,385,388,0,0,0,410,0,0,419
0,0,0,1,1,1,1,0,0,0,0,0,0,0,0,0,0,0,0,0,0,0,0
0,0,0,31,35,39,39,46,48,50,52,54,58,60,0,70,0,0,0,84,0,0,93
0,0,0,1428,1438,1457,1462,1472,1472,1473,1476,1477,1478,1483,0,1485,0,0,0,1263,0,0,1132
0,0,0,19,20,21,21,21,21,22,23,23,24,25,27,30,31,31,32,32,32,32,32
0,0,0,696,695,690,686,683,677,672,669,665,662,642,0,634,0,0,0,618,0,0,598
0,0,0,90,89,89,88,86,87,88,89,90,91,92,0,88,0,0,0,90,0,0,93
0,0,0,212,214,219,222,226,226,228,229,231,233,235,0,238,0,0,0,242,0,0,244
0,0,0,206,205,204,204,205,206,206,206,205,205,201,0,202,0,0,0,202,0,0,177
0,0,0,656,659,663,663,670,671,673,675,678,690,666,0,626,0,0,0,572,0,0,528
0,0,0,279,280,284,287,289,292,297,297,298,298,295,0,300,0,0,0,295,0,0,283
0,0,0,14,16,16,18,19,19,19,20,21,21,21,22,23,23,23,24,24,24,24,25
0,0,0,23,25,25,25,28,28,30,30,31,33,36,36,36,37,39,40,43,44,45,46
0,0,0,32,33,35,36,39,40,43,45,46,48,50,51,53,55,56,59,61,61,62,64
0,0,0,41,50,63,66,73,75,80,83,88,98,101,103,105,107,109,111,113,115,116,117
0,0,0,12,13,14,14,14,14,14,14,14,14,14,15,15,15,15,15,15,15,15,15
0,0,0,15,15,18,18,26,27,28,29,30,32,32,32,32,32,33,33,33,33,33,33
0,0,0,44,44,51,51,51,52,52,54,56,60,61,61,62,63,65,66,68,69,70,71
0,0,0,57,60,64,64,66,69,72,77,90,92,94,98,100,104,107,111,116,124,129,134
0,0,0,76,77,78,80,81,82,82,83,85,86,86,88,90,90,90,90,90,90,91,91
0,0,0,100,105,117,117,132,136,141,145,151,158,158,158,159,160,162,163,165,169,175,182
0,0,0,389,386,383,386,393,395,400,413,425,437,439,445,465,475,488,502,522,534,544,558
0,0,0,168,165,166,166,163,162,161,158,155,153,152,151,151,148,143,139,135,135,135,136
0,0,0,239,239,233,228,224,224,223,219,215,213,210,208,205,201,294,291,189,185,180,178
0,0,0,29,37,41,41,46,46,52,53,56,58,57,58,58,59,61,63,65,65,66,66
0,0,0,255,263,267,269,281,281,282,286,290,294,297,299,302,302,293,293,293,295,298,300
0,0,0,1,1,1,1,1,1,1,1,1,1,1,1,1,1,1,1,1,1,1,1
0,0,0,10,11,16,16,19,21,23,26,30,35,36,40,43,44,47,51,53,54,56,59
0,0,0,872,869,851,845,836,828,819,793,786,762,761,657,642,638,626,612,601,592,585,571
0,0,0,25,30,33,34,45,48,53,58,64,70,76,78,80,82,84,86,90,92,94,96
0,0,0,131,138,139,139,143,143,143,143,143,143,143,148,152,155,162,168,186,190,199,206
0,0,0,399,399,408,407,417,435,355,345,339,234,232,237,240,246,252,257,260,264,269,274
0,0,0,107,113,131,134,147,147,148,151,152,155,160,166,173,175,178,185,194,199,205,230
0,0,0,142,156,167,168,168,168,168,170,172,173,176,178,181,183,185,186,188,189,189,190
0,0,0,13,16,19,19,23,25,26,28,29,33,35,38,42,44,46,48,52,54,57,59
0,0,0,11,79,232,314,322,322,315,316,320,0,0,0,0,0,0,0,0,0,0,0
0,0,0,129,134,139,139,149,151,155,158,162,166,171,173,175,178,190,194,199,208,215,223
0,0,0,174,176,183,186,191,191,193,195,196,199,200,201,202,202,202,203,203,203,203,203
0,0,0,247,245,248,245,245,245,247,245,245,240,237,237,237,238,239,240,241,241,241,241
0,0,0,148,155,157,159,164,165,168,171,175,178,180,181,182,182,183,183,184,186,187,189
0,0,0,16,16,19,20,26,28,29,31,34,37,43,47,50,54,57,61,62,63,66,70
0,0,0,1,1,1,1,1,0,1,1,1,1,1,1,1,1,1,1,1,1,1,1
0,0,0,62,67,68,68,69,69,69,69,69,69,69,69,69,70,70,71,71,71,72,73
0,0,0,25,25,25,25,25,25,25,25,26,26,28,28,28,28,28,29,30,32,34,35
0,0,0,110,112,122,122,139,143,148,158,176,194,217,227,245,255,573,598,320,336,351,363
0,0,0,608,611,619,621,629,631,636,641,645,648,652,654,658,663,667,671,675,677,679,681
0,0,0,11,12,12,12,15,16,17,19,22,25,27,32,36,37,39,42,45,48,50,52
0,0,0,209,211,215,216,219,220,222,230,235,240,240,245,252,258,269,282,294,306,315,329
0,0,0,3,70,77,78,89,90,96,98,99,101,101,103,106,119,135,152,183,199,235,266
0,0,0,50,50,56,56,56,56,56,58,60,62,64,65,66,66,66,66,66,66,66,66
0,0,0,3,4,4,5,5,6,6,6,6,6,6,6,6,6,7,7,7,8,9,9
0,0,0,67,69,72,75,83,88,91,92,94,99,104,106,109,109,110,110,110,114,116,120
0,0,0,8,9,9,9,10,10,11,11,11,11,11,11,11,11,12,12,13,13,13,14
0,0,0,44,49,55,58,61,66,69,70,72,74,74,75,76,79,81,85,91,95,99,104
0,0,0,154,161,174,175,187,191,197,199,208,221,225,228,232,237,243,248,250,256,260,265
0,0,0,329,321,311,304,290,287,281,275,262,256,237,238,239,239,239,239,238,239,239,239
0,0,0,32,36,40,42,56,58,59,62,66,70,76,79,85,87,91,94,97,102,107,113
0,0,0,8,10,13,13,15,16,16,16,16,16,16,16,17,17,18,18,19,19,19,19
0,0,0,2,2,2,2,2,2,2,2,2,3,3,5,7,9,13,15,18,20,23,26
0,0,0,623,630,636,640,645,645,644,636,628,621,602,602,602,592,585,582,570,564,555,547
0,0,0,1,1,1,1,1,1,1,1,1,1,1,1,1,1,1,1,1,2,2,2
0,0,0,10,10,10,10,10,10,10,10,10,10,10,10,10,10,10,10,10,10,10,9
0,0,0,23,23,26,29,37,40,46,54,61,70,75,79,83,90,93,98,101,106,109,113
0,0,0,433,437,451,453,473,478,483,489,495,501,504,510,516,522,528,532,538,541,544,547
0,0,0,217,219,227,229,239,241,246,252,257,272,278,280,284,286,288,290,291,294,297,299
0,0,0,60,62,64,65,67,68,69,70,72,73,73,74,75,75,76,76,77,77,77,77
0,0,0,560,554,544,537,525,519,511,501,492,480,400,388,360,364,372,377,380,382,384,285
0,0,0,875,866,861,854,850,844,841,845,851,864,859,866,882,888,895,898,906,913,919,931
0,0,0,734,728,726,715,694,690,686,674,665,658,616,597,586,569,561,555,551,546,535,520
0,0,0,254,259,261,263,268,270,272,272,264,264,257,256,255,254,253,250,249,249,249,248
0,0,0,538,545,558,563,578,585,590,599,605,619,628,632,639,645,651,655,660,668,674,680
